777,2022:02:22,화,09:43:11 AM,version=0.1,Test,,Start
20192017,2022:02:22,화,10:28:55 AM,version=0.1,Test,,Start
20155428,2022:02:22,화,11:53:13 AM,version=0.1,Test,,Start
20192001,2022:02:22,화,12:50:25 PM,version=0.1,Test,,Start
20215578,2022:02:22,화,02:14:43 PM,version=0.1,Test,,Start
20182033,2022:02:22,화,02:57:41 PM,version=0.1,Test,,Start
20192017,2022:02:23,수,11:38:08 AM,version=0.1,Test,,Start
20155428,2022:02:23,수,12:41:12 PM,version=0.1,Test,,Start
20192001,2022:02:23,수,01:31:35 PM,version=0.1,Test,,Start
20215578,2022:02:23,수,02:36:09 PM,version=0.1,Test,,Start
20182033,2022:02:23,수,04:19:39 PM,version=0.1,Test,,Start
20155428,2022:02:24,목,10:08:22 AM,version=0.1,Test,,Start
20182033,2022:02:24,목,11:25:45 AM,version=0.1,Test,,Start
20215578,2022:02:24,목,12:28:06 PM,version=0.1,Test,,Start
20192017,2022:02:24,목,01:01:13 PM,version=0.1,Test,,Start
20192001,2022:02:24,목,02:29:28 PM,version=0.1,Test,,Start
20182033,2022:02:25,금,12:22:32 PM,version=0.1,Test,,Start
20215578,2022:02:25,금,01:31:01 PM,version=0.1,Test,,Start
20155428,2022:02:25,금,02:08:26 PM,version=0.1,Test,,Start
20192017,2022:02:25,금,02:45:50 PM,version=0.1,Test,,Start
20192001,2022:02:25,금,03:40:14 PM,version=0.1,Test,,Start
787,2022:03:07,월,09:58:11 AM,version=0.1,Test,,Start
20192014,2022:03:07,월,10:46:08 AM,version=0.1,Test,,Start
20202023,2022:03:07,월,11:46:31 AM,version=0.1,Test,,Start
20182032,2022:03:07,월,01:03:21 PM,version=0.1,Test,,Start
20202033,2022:03:07,월,01:57:07 PM,version=0.1,Test,,Start
20202016,2022:03:07,월,04:10:12 PM,version=0.1,Test,,Start
20192014,2022:03:08,화,11:30:15 AM,version=0.1,Test,,Start
20202033,2022:03:08,화,12:59:06 PM,version=0.1,Test,,Start
20182032,2022:03:08,화,02:08:53 PM,version=0.1,Test,,Start
20202016,2022:03:08,화,02:43:47 PM,version=0.1,Test,,Start
20202023,2022:03:08,화,03:18:27 PM,version=0.1,Test,,Start
20202016,2022:03:09,수,10:49:21 AM,version=0.1,Test,,Start
20182032,2022:03:09,수,12:19:41 PM,version=0.1,Test,,Start
20202023,2022:03:09,수,12:58:05 PM,version=0.1,Test,,Start
20192014,2022:03:09,수,01:38:37 PM,version=0.1,Test,,Start
20202033,2022:03:09,수,03:42:37 PM,version=0.1,Test,,Start
20202033,2022:03:10,목,10:49:55 AM,version=0.1,Test,,Start
20202016,2022:03:10,목,01:08:11 PM,version=0.1,Test,,Start
20202023,2022:03:10,목,01:58:23 PM,version=0.1,Test,,Start
20182032,2022:03:10,목,03:07:41 PM,version=0.1,Test,,Start
20192014,2022:03:10,목,04:02:34 PM,version=0.1,Test,,Start
20182032,2022:03:11,금,11:26:54 AM,version=0.1,Test,,Start
20202016,2022:03:11,금,11:58:44 AM,version=0.1,Test,,Start
20192014,2022:03:11,금,12:50:21 PM,version=0.1,Test,,Start
20202033,2022:03:11,금,02:52:04 PM,version=0.1,Test,,Start
20202023,2022:03:11,금,03:40:22 PM,version=0.1,Test,,Start
